ScenarioID,eventName,currencyOfEvent,instrument,enabledOrderDirection,orderDirection,secondsBeforePending,secondsBeforeModify,secondsAfterNews,isOCO,manageMoney,calcAmountWithMaxSpread,weight,pointsAway,takeProfit,stopLoss,modifyGap,secondsAfterNewsOffset,breakevenTrigger,breakevenDistance,trailingStop,trailingAfter,trailImmediately,riskPercent,amount,maxSpread,maxSlippage,,,,,0
3,Germany Markit PMI Composite,EUR,EUR/USD,BOTHDIRECTION,LONG,10,0,5,TRUE,TRUE,FALSE,1,2.783918011,0,2.207667072,0.1,0,4,0.5,5.46799341,1.481876555,TRUE,0.026,0.001,0,4,1075.53,0.555555556,2.107069522,,41.96111111
4,Germany Markit PMI Composite,EUR,EUR/USD,BOTHDIRECTION,LONG,10,0,5,TRUE,TRUE,FALSE,1,2.960114473,0,2.456232378,0.1,0,2,0.5,6.376179564,1.441569146,TRUE,0.026,0.001,0,999,,,,,0
5,Germany Markit PMI Composite,EUR,EUR/USD,BOTHDIRECTION,LONG,10,0,5,TRUE,TRUE,FALSE,1,4.251370691,0,2.247133521,0.1,0,0,0,6.298866852,1.64414401,TRUE,0.026,0.001,0,1,,,,,0
6,Germany Markit PMI Composite,EUR,EUR/USD,BOTHDIRECTION,LONG,10,0,5,TRUE,TRUE,FALSE,1,4.728043484,0,2.497541408,0.1,0,4,1,5.947128572,1.502041446,TRUE,0.039,0.001,0,2,1135.94,0.857142857,5.815733522,,116.52
7,Germany Markit PMI Composite,EUR,EUR/USD,BOTHDIRECTION,LONG,10,0,5,TRUE,TRUE,FALSE,1,4.375803816,0,2.566375306,0.1,0,4,0.5,5.437604781,1.448643744,TRUE,0.026,0.001,0,4,,,,,0
9,Germany Markit PMI Composite,EUR,EUR/USD,BOTHDIRECTION,LONG,10,0,5,TRUE,TRUE,FALSE,1,4.322659144,0,2.384875984,0.1,0,0,0,4.605992336,1.642435237,TRUE,0.013,0.001,0,999,1036.31,0.571428571,1.784233261,,20.74857143
10,Germany Markit PMI Composite,EUR,EUR/USD,BOTHDIRECTION,LONG,10,0,5,TRUE,TRUE,FALSE,1,4.625884586,0,2.746196713,0.1,0,4,1,3.857805643,1.609159684,TRUE,0.013,0.001,0,999,,,,,0
14,Germany Markit PMI Composite,EUR,EUR/USD,BOTHDIRECTION,LONG,10,0,5,TRUE,TRUE,FALSE,1,5.532123197,0,2.259957742,0.1,0,4,1,5.220757712,1.658598413,TRUE,0.013,0.001,0,2,1037.31,1,999,,37.31
20,Germany Markit PMI Composite,EUR,EUR/USD,BOTHDIRECTION,LONG,10,0,5,TRUE,TRUE,FALSE,1,8.262766329,0,2.268489836,0.1,0,2,0.5,5.370916433,1.536403968,TRUE,0.013,0.001,0,4,1028.66,1,999,,28.66
1,United Kingdom Markit Services PMI,GBP,GBP/USD,BOTHDIRECTION,SHORT,10,0,5,TRUE,TRUE,FALSE,1,1.884603061,0,4.9104809,0.1,0,0,0,15.88090836,1.621360601,TRUE,0.052,0.001,0,999,1243.09,0.5,2.297545358,,121.545
2,United Kingdom Markit Services PMI,GBP,GBP/USD,BOTHDIRECTION,SHORT,10,0,5,TRUE,TRUE,FALSE,1,2.674565396,0,5.586131305,0.1,0,0,0,17.91452652,1.642001321,TRUE,0.052,0.001,0,999,1185.72,0.529411765,1.982339255,,98.32235294
3,United Kingdom Markit Services PMI,GBP,GBP/USD,BOTHDIRECTION,SHORT,10,0,5,TRUE,TRUE,FALSE,1,2.730691779,0,5.134141905,0.1,0,0,0,10.99211459,1.499079174,TRUE,0.052,0.001,0,999,1175.41,0.470588235,1.915370969,,82.54588235
4,United Kingdom Markit Services PMI,GBP,GBP/USD,BOTHDIRECTION,SHORT,10,0,5,TRUE,TRUE,FALSE,1,3.534547304,0,5.364469129,0.1,0,0,0,12.56304689,1.652905592,TRUE,0.039,0.001,0,999,1140.72,0.466666667,1.788267593,,65.66933333
5,United Kingdom Markit Services PMI,GBP,GBP/USD,BOTHDIRECTION,SHORT,10,0,5,TRUE,TRUE,FALSE,1,4.082321511,0,4.757752143,0.1,0,0,0,13.2853174,1.515048084,TRUE,0.039,0.001,0,999,,,,,0
6,United Kingdom Markit Services PMI,GBP,GBP/USD,BOTHDIRECTION,SHORT,10,0,5,TRUE,TRUE,FALSE,1,4.413188017,0,4.868165471,0.1,0,0,0,12.87497344,1.426745389,TRUE,0.039,0.001,0,999,1138.1,0.470588235,1.693721748,,64.98823529
7,United Kingdom Markit Services PMI,GBP,GBP/USD,BOTHDIRECTION,SHORT,10,0,5,TRUE,TRUE,FALSE,1,6.211166217,0,5.573203789,0.1,0,0,0,6.839636511,1.580904646,TRUE,0.039,0.001,0,999,1101.14,0.714285714,3.456178684,,72.24285714
8,United Kingdom Markit Services PMI,GBP,GBP/USD,BOTHDIRECTION,SHORT,10,0,5,TRUE,TRUE,FALSE,1,5.590066253,0,5.084248112,0.1,0,0,0,9.275470368,1.6652686,TRUE,0.039,0.001,0,999,1094.99,0.714285714,2.815055407,,67.85
9,United Kingdom Markit Services PMI,GBP,GBP/USD,BOTHDIRECTION,SHORT,10,0,5,TRUE,TRUE,FALSE,1,5.656451244,0,5.612869818,0.1,0,0,0,12.05101492,1.531769573,TRUE,0.039,0.001,0,999,1066.06,0.714285714,2.051877785,,47.18571429
10,United Kingdom Markit Services PMI,GBP,GBP/USD,BOTHDIRECTION,SHORT,10,0,5,TRUE,TRUE,FALSE,1,6.422216101,0,5.621602428,0.1,0,0,0,9.866212563,1.460077374,TRUE,0.052,0.001,0,999,,,,,0
11,United Kingdom Markit Services PMI,GBP,GBP/USD,BOTHDIRECTION,SHORT,10,0,5,TRUE,TRUE,FALSE,1,7.577980175,0,4.962267411,0.1,0,0,0,10.20935988,1.423410401,TRUE,0.052,0.001,0,999,1207.16,0.555555556,3.312716311,,115.0888889
12,United Kingdom Markit Services PMI,GBP,GBP/USD,BOTHDIRECTION,SHORT,10,0,5,TRUE,TRUE,FALSE,1,7.251207308,0,5.600882623,0.1,0,0,0,13.89078426,1.673358572,TRUE,0.052,0.001,0,999,1204.47,0.666666667,3.324579354,,136.3133333
13,United Kingdom Markit Services PMI,GBP,GBP/USD,BOTHDIRECTION,SHORT,10,0,5,TRUE,TRUE,FALSE,1,6.704332885,0,4.747492189,0.1,0,0,0,11.15235765,1.613833633,TRUE,0.052,0.001,0,999,1189,0.666666667,4.309578007,,126
14,United Kingdom Markit Services PMI,GBP,GBP/USD,BOTHDIRECTION,SHORT,10,0,5,TRUE,TRUE,FALSE,1,7.845142517,0,4.911767883,0.1,0,0,0,18.26760283,1.47753498,TRUE,0.052,0.001,0,999,1156.29,0.666666667,3.202479921,,104.1933333
15,United Kingdom Markit Services PMI,GBP,GBP/USD,BOTHDIRECTION,SHORT,10,0,5,TRUE,TRUE,FALSE,1,6.80651047,0,5.346527509,0.1,0,0,0,10.19336643,1.669827999,TRUE,0.052,0.001,0,999,,,,,0
16,United Kingdom Markit Services PMI,GBP,GBP/USD,BOTHDIRECTION,SHORT,10,0,5,TRUE,TRUE,FALSE,1,7.271356305,0,5.174788125,0.1,0,0,0,5.14861435,1.639592529,TRUE,0.052,0.001,0,999,1110.12,0.5,4.015338263,,55.06
17,United Kingdom Markit Services PMI,GBP,GBP/USD,BOTHDIRECTION,SHORT,10,0,5,TRUE,TRUE,FALSE,1,7.328552485,0,5.554449481,0.1,0,0,0,9.412849496,1.633336052,TRUE,0.052,0.001,0,999,1107.26,0.666666667,3.588845968,,71.50666667
18,United Kingdom Markit Services PMI,GBP,GBP/USD,BOTHDIRECTION,SHORT,10,0,5,TRUE,TRUE,FALSE,1,13.34118324,0,5.220841698,0.1,0,0,0,17.9718169,1.583066904,TRUE,0.052,0.001,0,999,1149.58,0.8,4.176857749,,119.664
19,United Kingdom Markit Services PMI,GBP,GBP/USD,BOTHDIRECTION,SHORT,10,0,5,TRUE,TRUE,FALSE,1,15.49207615,0,5.210472781,0.1,0,0,0,14.53697584,1.601528434,TRUE,0.052,0.001,0,999,,,,,0
20,United Kingdom Markit Services PMI,GBP,GBP/USD,BOTHDIRECTION,SHORT,10,0,5,TRUE,TRUE,FALSE,1,17.63059928,0,4.674677928,0.1,0,0,0,15.44936017,1.501874621,TRUE,0.026,0.001,0,999,1091.32,0.666666667,3.576586742,,60.88
1,United Kingdom Markit Services PMI,GBP,EUR/GBP,BOTHDIRECTION,SHORT,10,0,5,TRUE,TRUE,FALSE,1,2.767248518,0,4.49558775,0.1,0,0,0,3.574199647,1.415914129,TRUE,0.026,0.001,0,999,1072.25,0.5,2.403924616,,36.125
2,United Kingdom Markit Services PMI,GBP,EUR/GBP,BOTHDIRECTION,SHORT,10,0,5,TRUE,TRUE,FALSE,1,9.312383344,0,4.16906402,0.1,0,0,0,13.15407418,1.577850704,TRUE,0.026,0.001,0,999,1096.75,0.571428571,3.016885553,,55.28571429
3,United Kingdom Markit Services PMI,GBP,EUR/GBP,BOTHDIRECTION,SHORT,10,0,12.5,TRUE,TRUE,FALSE,1,10.31670555,0,4.301929817,0.1,0,0,0,11.51983554,1.621766757,TRUE,0.026,0.001,0,999,,,,,0
4,United Kingdom Markit Services PMI,GBP,EUR/GBP,BOTHDIRECTION,SHORT,10,0,20,TRUE,TRUE,FALSE,1,9.714126206,0,3.830827486,0.1,0,0,0,11.23810231,1.321712934,TRUE,0.026,0.001,0,999,1080.6,0.5,2.300790705,,40.3
5,United Kingdom Markit Services PMI,GBP,EUR/GBP,BOTHDIRECTION,SHORT,10,0,12.5,TRUE,TRUE,FALSE,1,10.18363472,0,3.617097335,0.1,0,0,0,11.89074959,1.636101493,TRUE,0.026,0.001,0,999,,,,,0
6,United Kingdom Markit Services PMI,GBP,EUR/GBP,BOTHDIRECTION,SHORT,10,0,5,TRUE,TRUE,FALSE,1,10.22652769,0,3.755630739,0.1,0,0,0,8.86687295,1.685002935,TRUE,0.026,0.001,0,999,1075.33,0.571428571,2.108772446,,43.04571429
7,United Kingdom Markit Services PMI,GBP,EUR/GBP,BOTHDIRECTION,SHORT,10,0,5,TRUE,TRUE,FALSE,1,10.25286754,0,3.912885861,0.1,0,0,0,8.081749298,1.497535282,TRUE,0.013,0.001,0,999,,,,,0
8,United Kingdom Markit Services PMI,GBP,EUR/GBP,BOTHDIRECTION,SHORT,10,0,5,TRUE,TRUE,FALSE,1,8.753987082,0,3.993815666,0.1,0,0,0,7.139305851,1.621530245,TRUE,0.013,0.001,0,999,1060.86,0.571428571,1.953462864,,34.77714286
9,United Kingdom Markit Services PMI,GBP,EUR/GBP,BOTHDIRECTION,SHORT,10,0,12.5,TRUE,TRUE,FALSE,1,9.29102501,0,4.166360183,0.1,0,0,0,8.480119807,1.37984812,TRUE,0.013,0.001,0,999,,,,,0
10,United Kingdom Markit Services PMI,GBP,EUR/GBP,BOTHDIRECTION,SHORT,10,0,20,TRUE,TRUE,FALSE,1,10.76973022,0,3.804770569,0.1,0,0,0,9.129704244,1.446750931,TRUE,0.013,0.001,0,999,1059.53,0.5,1.728085211,,29.765
11,United Kingdom Markit Services PMI,GBP,EUR/GBP,BOTHDIRECTION,SHORT,10,0,20,TRUE,TRUE,FALSE,1,13.65732187,0,4.270850191,0.1,0,0,0,8.694004028,1.461222049,TRUE,0.013,0.001,0,999,,,,,0
12,United Kingdom Markit Services PMI,GBP,EUR/GBP,BOTHDIRECTION,SHORT,10,0,20,TRUE,TRUE,FALSE,1,17.72767025,0,4.369420403,0.1,0,0,0,7.192970767,1.65457466,TRUE,0.039,0.001,0,999,1063.12,1,999,,63.12
13,United Kingdom Markit Services PMI,GBP,EUR/GBP,BOTHDIRECTION,SHORT,10,0,20,TRUE,TRUE,FALSE,1,16.21050576,0,4.328714367,0.1,0,0,0,9.528528351,1.610924495,TRUE,0.039,0.001,0,999,,,,,0
14,United Kingdom Markit Services PMI,GBP,EUR/GBP,BOTHDIRECTION,SHORT,10,0,20,TRUE,TRUE,FALSE,1,16.40677897,0,3.597746028,0.1,0,0,0,8.423308288,1.391147699,TRUE,0.039,0.001,0,999,1057.15,1,999,,57.15
15,United Kingdom Markit Services PMI,GBP,EUR/GBP,BOTHDIRECTION,SHORT,10,0,20,TRUE,TRUE,FALSE,1,15.96692746,0,3.966703674,0.1,0,0,0,10.80229788,1.683394622,TRUE,0.039,0.001,0,999,,,,,0
16,United Kingdom Markit Services PMI,GBP,EUR/GBP,BOTHDIRECTION,SHORT,10,0,20,TRUE,TRUE,FALSE,1,16.87782069,0,3.853355108,0.1,0,0,0,13.00981684,1.67796818,TRUE,0.039,0.001,0,999,1055.59,1,999,,55.59
17,United Kingdom Markit Services PMI,GBP,EUR/GBP,BOTHDIRECTION,SHORT,10,0,12.5,TRUE,TRUE,FALSE,1,17.03623406,0,3.669450915,0.1,0,0,0,10.9120576,1.589011139,TRUE,0.039,0.001,0,999,,,,,0
18,United Kingdom Markit Services PMI,GBP,EUR/GBP,BOTHDIRECTION,SHORT,10,0,5,TRUE,TRUE,FALSE,1,18.26307171,0,3.619914918,0.1,0,0,0,8.040633431,1.619946569,TRUE,0.039,0.001,0,999,1028.79,1,999,,28.79
19,United Kingdom Markit Services PMI,GBP,EUR/GBP,BOTHDIRECTION,SHORT,10,0,5,TRUE,TRUE,FALSE,1,15.05054261,0,3.833507122,0.1,0,0,0,4.931087679,1.379063426,TRUE,0.039,0.001,0,999,,,,,0
20,United Kingdom Markit Services PMI,GBP,EUR/GBP,BOTHDIRECTION,SHORT,10,0,5,TRUE,TRUE,FALSE,1,16.69862731,0,4.439165411,0.1,0,0,0,3.136767795,1.472334637,TRUE,0.039,0.001,0,999,1024.77,1,999,,24.77
1,United Kingdom Markit Services PMI,GBP,EUR/GBP,BOTHDIRECTION,LONG,10,0,20,TRUE,TRUE,FALSE,1,11.9505365,0,4.458602798,0.1,0,0,0,6.20580338,1.497104045,TRUE,0.026,0.001,0,999,1080.38,0.666666667,5.785799523,,53.58666667
2,United Kingdom Markit Services PMI,GBP,EUR/GBP,BOTHDIRECTION,LONG,10,0,20,TRUE,TRUE,FALSE,1,13.2553658,0,3.609708351,0.1,0,0,0,6.257588606,1.64015612,TRUE,0.026,0.001,0,999,,,,,0
3,United Kingdom Markit Services PMI,GBP,EUR/GBP,BOTHDIRECTION,LONG,10,0,20,TRUE,TRUE,FALSE,1,11.21792583,0,4.164357565,0.1,0,0,0,8.300222931,1.571829822,TRUE,0.026,0.001,0,999,1066.99,0.666666667,4.108837209,,44.66
4,United Kingdom Markit Services PMI,GBP,EUR/GBP,BOTHDIRECTION,LONG,10,0,20,TRUE,TRUE,FALSE,1,10.94347909,0,4.47218237,0.1,0,0,0,7.564645459,1.647798783,TRUE,0.026,0.001,0,999,,,,,0
5,United Kingdom Markit Services PMI,GBP,EUR/GBP,BOTHDIRECTION,LONG,10,0,20,TRUE,TRUE,FALSE,1,12.36548037,0,4.343562948,0.1,0,0,0,9.884358556,1.49459372,TRUE,0.026,0.001,0,999,1066.1,0.666666667,3.463378176,,44.06666667
6,United Kingdom Markit Services PMI,GBP,EUR/GBP,BOTHDIRECTION,LONG,10,0,12.5,TRUE,TRUE,FALSE,1,12.79028223,0,3.622932348,0.1,0,0,0,7.402182398,1.363322983,TRUE,0.013,0.001,0,999,,,,,0
7,United Kingdom Markit Services PMI,GBP,EUR/GBP,BOTHDIRECTION,LONG,10,0,5,TRUE,TRUE,FALSE,1,13.55040124,0,4.274261965,0.1,0,0,0,5.013828488,1.681104957,TRUE,0.013,0.001,0,999,1063.72,0.5,4.792959427,,31.86
8,United Kingdom Markit Services PMI,GBP,EUR/GBP,BOTHDIRECTION,LONG,10,0,12.5,TRUE,TRUE,FALSE,1,12.95776625,0,3.541535465,0.1,0,0,0,9.236944581,1.558813414,TRUE,0.013,0.001,0,999,,,,,0
9,United Kingdom Markit Services PMI,GBP,EUR/GBP,BOTHDIRECTION,LONG,10,0,20,TRUE,TRUE,FALSE,1,12.99822987,0,4.406673578,0.1,0,0,0,13.67981548,1.629890673,TRUE,0.013,0.001,0,999,1057.96,0.666666667,3.159192825,,38.64
10,United Kingdom Markit Services PMI,GBP,EUR/GBP,BOTHDIRECTION,LONG,10,0,20,TRUE,TRUE,FALSE,1,12.73928936,0,4.303078201,0.1,0,0,0,11.3587347,1.621230153,TRUE,0.013,0.001,0,999,,,,,0
11,United Kingdom Markit Services PMI,GBP,EUR/GBP,BOTHDIRECTION,LONG,10,0,20,TRUE,TRUE,FALSE,1,17.41115268,0,3.873129767,0.1,0,0,0,10.38545192,1.412144369,TRUE,0.039,0.001,0,999,1076.2,1,999,,76.2
12,United Kingdom Markit Services PMI,GBP,EUR/GBP,BOTHDIRECTION,LONG,10,0,20,TRUE,TRUE,FALSE,1,14.35151285,0,4.434313814,0.1,0,0,0,8.695839935,1.545145361,TRUE,0.039,0.001,0,999,,,,,0
13,United Kingdom Markit Services PMI,GBP,EUR/GBP,BOTHDIRECTION,LONG,10,0,20,TRUE,TRUE,FALSE,1,16.5207558,0,4.413588177,0.1,0,0,0,7.497623,1.477237942,TRUE,0.039,0.001,0,999,1071.27,1,999,,71.27
14,United Kingdom Markit Services PMI,GBP,EUR/GBP,BOTHDIRECTION,LONG,10,0,12.5,TRUE,TRUE,FALSE,1,14.68412273,0,3.658114841,0.1,0,0,0,7.100994729,1.673621241,TRUE,0.039,0.001,0,999,,,,,0
15,United Kingdom Markit Services PMI,GBP,EUR/GBP,BOTHDIRECTION,LONG,10,0,5,TRUE,TRUE,FALSE,1,15.71017819,0,4.456461903,0.1,0,0,0,7.730307565,1.494712301,TRUE,0.039,0.001,0,999,1068.67,1,999,,68.67
16,United Kingdom Markit Services PMI,GBP,EUR/GBP,BOTHDIRECTION,LONG,10,0,12.5,TRUE,TRUE,FALSE,1,15.68308864,0,4.339885005,0.1,0,0,0,10.97053398,1.40735843,TRUE,0.039,0.001,0,999,,,,,0
17,United Kingdom Markit Services PMI,GBP,EUR/GBP,BOTHDIRECTION,LONG,10,0,20,TRUE,TRUE,FALSE,1,15.85051748,0,3.874189543,0.1,0,0,0,13.42791947,1.682777395,TRUE,0.039,0.001,0,999,1067.9,1,999,,67.9
18,United Kingdom Markit Services PMI,GBP,EUR/GBP,BOTHDIRECTION,LONG,10,0,15,TRUE,TRUE,FALSE,1,17.76477917,0,3.922891886,0.1,0,0,0,11.76369297,1.34833785,TRUE,0.039,0.001,0,999,,,,,0
19,United Kingdom Markit Services PMI,GBP,EUR/GBP,BOTHDIRECTION,LONG,10,0,10,TRUE,TRUE,FALSE,1,16.92228185,0,3.650145296,0.1,0,0,0,9.94745376,1.313998035,TRUE,0.039,0.001,0,999,,,,,0
20,United Kingdom Markit Services PMI,GBP,EUR/GBP,BOTHDIRECTION,LONG,10,0,5,TRUE,TRUE,FALSE,1,15.24874234,0,4.222084352,0.1,0,0,0,9.689441265,1.324541367,TRUE,0.039,0.001,0,999,1062.23,1,999,,62.23
1,United States ADP Employment Change,USD,EUR/USD,BOTHDIRECTION,SHORT,10,0,5,TRUE,TRUE,FALSE,1,1.778646765,0,5.155976281,0.1,0,0,0,11.48017083,1.612694373,TRUE,0.039,0.001,0,999,1080.65,0.75,5.085656361,,60.4875
2,United States ADP Employment Change,USD,EUR/USD,BOTHDIRECTION,SHORT,10,0,5,TRUE,TRUE,FALSE,1,2.108958774,0,5.179900515,0.1,0,0,0,1.372950031,1.572125583,TRUE,0.013,0.001,0,999,1071.39,0.5,10.50466045,,35.695
3,United States ADP Employment Change,USD,EUR/USD,BOTHDIRECTION,SHORT,10,0,5,TRUE,TRUE,FALSE,1,2.228787384,0,5.156604054,0.1,0,0,0,1.751885248,1.439462585,TRUE,0.013,0.001,0,999,1070.31,0.5,9.214953271,,35.155
4,United States ADP Employment Change,USD,EUR/USD,BOTHDIRECTION,SHORT,10,0,5,TRUE,TRUE,FALSE,1,2.216165663,0,4.511504824,0.1,0,0,0,2.180076672,1.535634614,TRUE,0.013,0.001,0,999,,,,,0
5,United States ADP Employment Change,USD,EUR/USD,BOTHDIRECTION,SHORT,10,0,5,TRUE,TRUE,FALSE,1,2.008559618,0,5.259795099,0.1,0,0,0,2.619015554,1.354607899,TRUE,0.013,0.001,0,999,1065.44,0.5,6.95,,32.72
6,United States ADP Employment Change,USD,EUR/USD,BOTHDIRECTION,SHORT,10,0,5,TRUE,TRUE,FALSE,1,1.911404404,0,5.001873712,0.1,0,0,0,3.556511275,1.488167761,TRUE,0.013,0.001,0,999,1058.55,0.5,5.170940171,,29.275
7,United States ADP Employment Change,USD,EUR/USD,BOTHDIRECTION,SHORT,10,0,5,TRUE,TRUE,FALSE,1,2.125615292,0,5.605487255,0.1,0,0,0,6.858142735,1.390994573,TRUE,0.026,0.001,0,999,1053.59,0.75,4.074541284,,40.1925
8,United States ADP Employment Change,USD,EUR/USD,BOTHDIRECTION,SHORT,10,0,5,TRUE,TRUE,FALSE,1,1.81041919,0,4.931965491,0.1,0,0,0,6.395617958,1.582294444,TRUE,0.026,0.001,0,999,,,,,0
9,United States ADP Employment Change,USD,EUR/USD,BOTHDIRECTION,SHORT,10,0,5,TRUE,TRUE,FALSE,1,1.95731596,0,4.378304656,0.1,0,0,0,4.325851968,1.654943514,TRUE,0.026,0.001,0,999,1052.27,0.5,2.235349716,,26.135
10,United States ADP Employment Change,USD,EUR/USD,BOTHDIRECTION,SHORT,10,0,5,TRUE,TRUE,FALSE,1,4.396191718,0,5.622513573,0.1,0,0,0,13.95735417,1.656443775,TRUE,0.026,0.001,0,999,1067.97,0.8,5.448298429,,54.376
11,United States ADP Employment Change,USD,EUR/USD,BOTHDIRECTION,SHORT,10,0,5,TRUE,TRUE,FALSE,1,4.698502637,0,4.842891874,0.1,0,0,0,5.719833607,1.426114818,TRUE,0.026,0.001,0,999,1059.74,0.666666667,4.836223507,,39.82666667
12,United States ADP Employment Change,USD,EUR/USD,BOTHDIRECTION,SHORT,10,0,5,TRUE,TRUE,FALSE,1,4.038173837,0,4.590683448,0.1,0,0,0,7.211730522,1.503903635,TRUE,0.026,0.001,0,999,,,,,0
13,United States ADP Employment Change,USD,EUR/USD,BOTHDIRECTION,SHORT,10,0,5,TRUE,TRUE,FALSE,1,4.507685864,0,5.516186879,0.1,0,0,0,10.78055001,1.312632398,TRUE,0.026,0.001,0,999,1052.27,0.8,7.326481258,,41.816
14,United States ADP Employment Change,USD,EUR/USD,BOTHDIRECTION,SHORT,10,0,5,TRUE,TRUE,FALSE,1,6.276260943,0,5.121853816,0.1,0,0,0,8.880754716,1.533979078,TRUE,0.026,0.001,0,999,1014.99,1,999,,14.99
15,United States ADP Employment Change,USD,EUR/USD,BOTHDIRECTION,SHORT,10,0,5,TRUE,TRUE,FALSE,1,5.473263227,0,4.999253668,0.1,0,0,0,10.99908803,1.39324349,TRUE,0.026,0.001,0,999,1014.99,1,999,,14.99
16,United States ADP Employment Change,USD,EUR/USD,BOTHDIRECTION,SHORT,10,0,5,TRUE,TRUE,FALSE,1,8.055071814,0,4.391170503,0.1,0,0,0,10.21616661,1.682239545,TRUE,0.026,0.001,0,999,,,,,0
17,United States ADP Employment Change,USD,EUR/USD,BOTHDIRECTION,SHORT,10,0,5,TRUE,TRUE,FALSE,1,8.583428876,0,5.06071368,0.1,0,0,0,9.751226968,1.559830634,TRUE,0.026,0.001,0,999,1029.27,1,999,,29.27
18,United States ADP Employment Change,USD,EUR/USD,BOTHDIRECTION,SHORT,10,0,5,TRUE,TRUE,FALSE,1,8.443844569,0,5.255123776,0.1,0,0,0,12.98643725,1.660127756,TRUE,0.026,0.001,0,999,1023.55,1,999,,23.55
19,United States ADP Employment Change,USD,EUR/USD,BOTHDIRECTION,SHORT,10,0,5,TRUE,TRUE,FALSE,1,10.0657196,0,5.620703316,0.1,0,0,0,9.278571226,1.645320123,TRUE,0.026,0.001,0,999,,,,,0
20,United States ADP Employment Change,USD,EUR/USD,BOTHDIRECTION,SHORT,10,0,5,TRUE,TRUE,FALSE,1,8.94109394,0,4.47086728,0.1,0,0,0,6.685173915,1.587438227,TRUE,0.026,0.001,0,999,1023.14,1,999,,23.14
1,United States ADP Employment Change,USD,USD/JPY,BOTHDIRECTION,LONG,10,0,5,TRUE,TRUE,FALSE,1,5.191819283,0,4.776906099,0.1,0,0,0,2.631358708,1.543086798,TRUE,0.013,0.001,0,999,1066.75,0.727272727,3.308411215,,48.54545455
2,United States ADP Employment Change,USD,USD/JPY,BOTHDIRECTION,LONG,10,0,5,TRUE,TRUE,FALSE,1,6.112449182,0,4.47777578,0.1,0,0,0,2.348980316,1.638420509,TRUE,0.013,0.001,0,999,1061.76,0.642857143,2.621650026,,39.70285714
3,United States ADP Employment Change,USD,USD/JPY,BOTHDIRECTION,LONG,10,0,5,TRUE,TRUE,FALSE,1,6.412163818,0,4.652166692,0.1,0,0,0,3.03480137,1.369634657,TRUE,0.013,0.001,0,999,1055.56,0.727272727,2.865591398,,40.40727273
4,United States ADP Employment Change,USD,USD/JPY,BOTHDIRECTION,LONG,10,0,5,TRUE,TRUE,FALSE,1,5.331342589,0,5.122798664,0.1,0,0,0,3.637920317,1.519163169,TRUE,0.013,0.001,0,999,,,,,0
5,United States ADP Employment Change,USD,USD/JPY,BOTHDIRECTION,LONG,10,0,5,TRUE,TRUE,FALSE,1,5.242222726,0,4.520927343,0.1,0,0,0,4.934708144,1.681869167,TRUE,0.013,0.001,0,999,1053.11,0.636363636,2.469789357,,33.79727273
6,United States ADP Employment Change,USD,USD/JPY,BOTHDIRECTION,LONG,10,0,5,TRUE,TRUE,FALSE,1,5.176311022,0,4.638027341,0.1,0,0,0,1.353019535,1.656223929,TRUE,0.013,0.001,0,999,1046.64,0.545454545,2.472503161,,25.44
7,United States ADP Employment Change,USD,USD/JPY,BOTHDIRECTION,LONG,10,0,5,TRUE,TRUE,FALSE,1,6.156605338,0,4.817484027,0.1,0,0,0,2.741203198,1.317488024,TRUE,0.013,0.001,0,999,,,,,0
8,United States ADP Employment Change,USD,USD/JPY,BOTHDIRECTION,LONG,10,0,20,TRUE,TRUE,FALSE,1,5.535541667,0,4.5189607,0.1,0,0,0,3.645873191,1.642429906,TRUE,0.013,0.001,0,999,1044.54,0.642857143,2.023004371,,28.63285714
13,United States ADP Employment Change,USD,USD/JPY,BOTHDIRECTION,LONG,10,0,5,TRUE,TRUE,FALSE,1,7.920006443,0,4.489117574,0.1,0,0,0,2.432755041,1.442923543,TRUE,0.013,0.001,0,999,,,,,0
14,United States ADP Employment Change,USD,USD/JPY,BOTHDIRECTION,LONG,10,0,5,TRUE,TRUE,FALSE,1,9.262849098,0,5.37086161,0.1,0,0,0,3.769167313,1.505692076,TRUE,0.013,0.001,0,999,1015.87,0.7,1.706696429,,11.109
15,United States ADP Employment Change,USD,USD/JPY,BOTHDIRECTION,LONG,10,0,5,TRUE,TRUE,FALSE,1,10.9840383,0,5.53343996,0.1,0,0,0,3.34518433,1.455668995,TRUE,0.013,0.001,0,999,1035.54,0.75,4.847402597,,26.655
16,United States ADP Employment Change,USD,USD/JPY,BOTHDIRECTION,LONG,10,0,5,TRUE,TRUE,FALSE,1,13.54665051,0,5.083552857,0.1,0,0,0,2.6567413,1.646249741,TRUE,0.013,0.001,0,999,,,,,0
17,United States ADP Employment Change,USD,USD/JPY,BOTHDIRECTION,LONG,10,0,5,TRUE,TRUE,FALSE,1,14.0202645,0,5.312153894,0.1,0,0,0,2.781830471,1.577620366,TRUE,0.013,0.001,0,999,1030.28,0.625,6.280977312,,18.925
18,United States ADP Employment Change,USD,USD/JPY,BOTHDIRECTION,LONG,10,0,5,TRUE,TRUE,FALSE,1,13.0005955,0,4.407005698,0.1,0,0,0,4.732283618,1.646979998,TRUE,0.013,0.001,0,999,1031.78,0.625,3.564516129,,19.8625
19,United States ADP Employment Change,USD,USD/JPY,BOTHDIRECTION,LONG,10,0,5,TRUE,TRUE,FALSE,1,14.94393583,0,5.019486811,0.1,0,0,0,3.738669966,1.658552333,TRUE,0.013,0.001,0,999,,,,,0
20,United States ADP Employment Change,USD,USD/JPY,BOTHDIRECTION,LONG,10,0,5,TRUE,TRUE,FALSE,1,15.04119922,0,4.432362642,0.1,0,0,0,3.09359101,1.535042752,TRUE,0.013,0.001,0,999,1013.2,0.714285714,1.927017544,,9.428571429
1,United States ISM Manufacturing PMI,USD,USD/JPY,BOTHDIRECTION,LONG,10,0,5,TRUE,TRUE,FALSE,1,1.869726332,0,4.627865367,0.1,0,6,4,8.089945886,1.481721382,TRUE,0.039,0.001,0,10,1138.78,0.6875,3.980030062,,95.41125
2,United States ISM Manufacturing PMI,USD,USD/JPY,BOTHDIRECTION,LONG,10,0,5,TRUE,TRUE,FALSE,1,1.911575277,0,4.556418876,0.1,0,6,4,7.533602148,1.605277348,TRUE,0.039,0.001,0,999,1134.17,0.611111111,3.655779889,,81.99277778
3,United States ISM Manufacturing PMI,USD,USD/JPY,BOTHDIRECTION,LONG,10,0,5,TRUE,TRUE,FALSE,1,2.045422451,0,4.505302074,0.1,0,0,0,1.779722274,1.561483941,TRUE,0.039,0.001,0,999,1119.21,0.666666667,4.070048931,,79.47333333
4,United States ISM Manufacturing PMI,USD,USD/JPY,BOTHDIRECTION,LONG,10,0,5,TRUE,TRUE,FALSE,1,2.136586286,0,4.934734784,0.1,0,12,1,1.902544483,1.330584898,TRUE,0.039,0.001,0,999,1117.98,0.6875,4.855882353,,81.11125
5,United States ISM Manufacturing PMI,USD,USD/JPY,BOTHDIRECTION,LONG,10,0,5,TRUE,TRUE,FALSE,1,2.048779568,0,5.546020819,0.1,0,12,4,4.55940094,1.368081622,TRUE,0.039,0.001,0,10,1115.31,0.8125,4.559604694,,93.689375
6,United States ISM Manufacturing PMI,USD,USD/JPY,BOTHDIRECTION,LONG,10,0,5,TRUE,TRUE,FALSE,1,1.888089278,0,4.382830132,0.1,0,12,8,9.427694498,1.383790545,TRUE,0.039,0.001,0,999,1114.43,0.6875,2.672028074,,78.670625
7,United States ISM Manufacturing PMI,USD,USD/JPY,BOTHDIRECTION,LONG,10,0,5,TRUE,TRUE,FALSE,1,1.925204641,0,4.970215883,0.1,0,0,0,6.643026705,1.630768597,TRUE,0.039,0.001,0,10,,,,,0
8,United States ISM Manufacturing PMI,USD,USD/JPY,BOTHDIRECTION,LONG,10,0,5,TRUE,TRUE,FALSE,1,1.804965968,0,4.987880791,0.1,0,12,1,2.890507546,1.43421899,TRUE,0.039,0.001,0,999,1114.13,0.6875,4.006849315,,78.464375
9,United States ISM Manufacturing PMI,USD,USD/JPY,BOTHDIRECTION,LONG,10,0,5,TRUE,TRUE,FALSE,1,2.113675849,0,5.390940709,0.1,0,12,4,2.483191678,1.512330437,TRUE,0.039,0.001,0,999,1113.6,0.666666667,3.460472168,,75.73333333
10,United States ISM Manufacturing PMI,USD,USD/JPY,BOTHDIRECTION,LONG,10,0,5,TRUE,TRUE,FALSE,1,1.887712209,0,4.930625725,0.1,0,6,1,6.160944007,1.490813828,TRUE,0.039,0.001,0,999,1112.08,0.75,5.060913706,,84.06
11,United States ISM Manufacturing PMI,USD,USD/JPY,BOTHDIRECTION,LONG,10,0,5,TRUE,TRUE,FALSE,1,2.330290408,0,4.551168176,0.1,0,0,0,7.157579465,1.403690969,TRUE,0.039,0.001,0,999,1130.84,0.6875,3.512869766,,89.9525
12,United States ISM Manufacturing PMI,USD,USD/JPY,BOTHDIRECTION,LONG,10,0,5,TRUE,TRUE,FALSE,1,2.38453876,0,5.401011364,0.1,0,12,4,8.263280352,1.616573836,TRUE,0.039,0.001,0,999,1123.98,0.611111111,3.137782376,,75.76555556
13,United States ISM Manufacturing PMI,USD,USD/JPY,BOTHDIRECTION,LONG,10,0,5,TRUE,TRUE,FALSE,1,3.543671078,0,4.884954009,0.1,0,12,8,4.914367744,1.489267068,TRUE,0.039,0.001,0,10,,,,,0
14,United States ISM Manufacturing PMI,USD,USD/JPY,BOTHDIRECTION,LONG,10,0,5,TRUE,TRUE,FALSE,1,4.931297647,0,5.329293245,0.1,0,6,1,2.137346273,1.324601863,TRUE,0.039,0.001,0,999,1104.6,0.692307692,5.956398104,,72.41538462
15,United States ISM Manufacturing PMI,USD,USD/JPY,BOTHDIRECTION,LONG,10,0,5,TRUE,TRUE,FALSE,1,4.088131609,0,4.937018291,0.1,0,0,0,2.053539469,1.482044027,TRUE,0.039,0.001,0,999,1110.75,0.666666667,5.010865628,,73.83333333
16,United States ISM Manufacturing PMI,USD,USD/JPY,BOTHDIRECTION,LONG,10,0,5,TRUE,TRUE,FALSE,1,6.83552743,0,5.607157661,0.1,0,2,1,7.957838271,1.34812814,TRUE,0.026,0.001,0,999,1058.33,0.888888889,6.620423892,,51.84888889
17,United States ISM Manufacturing PMI,USD,USD/JPY,BOTHDIRECTION,LONG,10,0,5,TRUE,TRUE,FALSE,1,7.52771413,0,5.266576493,0.1,0,2,1,4.745078752,1.338302495,TRUE,0.026,0.001,0,999,1048.77,0.888888889,7.834733894,,43.35111111
18,United States ISM Manufacturing PMI,USD,USD/JPY,BOTHDIRECTION,LONG,10,0,5,TRUE,TRUE,FALSE,1,9.078005982,0,5.428071905,0.1,0,0,0,1.826083497,1.536593032,TRUE,0.013,0.001,0,999,1031.13,0.875,3.911214953,,27.23875
19,United States ISM Manufacturing PMI,USD,USD/JPY,BOTHDIRECTION,LONG,10,0,5,TRUE,TRUE,FALSE,1,9.424459432,0,5.181631016,0.1,0,6,4,2.545267257,1.471402334,TRUE,0.013,0.001,0,999,,,,,0
20,United States ISM Manufacturing PMI,USD,USD/JPY,BOTHDIRECTION,LONG,10,0,5,TRUE,TRUE,FALSE,1,10.4777336,0,4.400382215,0.1,0,12,1,2.622262398,1.547737015,TRUE,0.013,0.001,0,999,1018.9,0.875,2.769158879,,16.5375
1,United States Feds Yellen Speech,USD,USD/JPY,BOTHDIRECTION,LONG,10,0,5,TRUE,TRUE,FALSE,1,1.887171812,0,3.263473435,0.1,0,0,4.929742868,1.523991315,1.446518978,TRUE,0.052,0.001,0,0,1235.72,0.571428571,5.520038351,,134.6971429
2,United States Feds Yellen Speech,USD,USD/JPY,BOTHDIRECTION,LONG,10,0,5,TRUE,TRUE,FALSE,1,2.575527759,0,3.285211601,0.1,0,0,4.448463048,1.531672788,1.575594561,TRUE,0.052,0.001,0,0,,,,,0
3,United States Feds Yellen Speech,USD,USD/JPY,BOTHDIRECTION,LONG,10,0,5,TRUE,TRUE,FALSE,1,2.88729517,0,2.989760739,0.1,0,0,4.603618967,1.681143623,1.575060164,TRUE,0.052,0.001,0,0,,,,,0
4,United States Feds Yellen Speech,USD,USD/JPY,BOTHDIRECTION,LONG,10,0,5,TRUE,TRUE,FALSE,1,3.026787917,0,2.874984735,0.1,0,0,5.34600734,1.685083769,1.315042916,TRUE,0.052,0.001,0,0,1177.79,0.5,7.520527859,,88.895
5,United States Feds Yellen Speech,USD,USD/JPY,BOTHDIRECTION,LONG,10,0,5,TRUE,TRUE,FALSE,1,3.657593375,0,3.311569726,0.1,0,0,5.048645582,1.462790119,1.52322897,TRUE,0.052,0.001,0,0,,,,,0
7,United States Feds Yellen Speech,USD,USD/JPY,BOTHDIRECTION,LONG,10,0,5,TRUE,TRUE,FALSE,1,3.845451862,0,3.029418656,0.1,0,0,4.927499002,1.487096119,1.382679521,TRUE,0.052,0.001,0,0,1183.09,0.6,10.65279241,,109.854
8,United States Feds Yellen Speech,USD,USD/JPY,BOTHDIRECTION,LONG,10,0,5,TRUE,TRUE,FALSE,1,4.259356213,0,3.221931739,0.1,0,0,4.747568278,1.617544884,1.588521382,TRUE,0.052,0.001,0,0,,,,,0
9,United States Feds Yellen Speech,USD,USD/JPY,BOTHDIRECTION,LONG,10,0,5,TRUE,TRUE,FALSE,1,4.671474282,0,2.699625129,0.1,0,0,5.201842256,2.206046953,1.638247271,TRUE,0.052,0.001,0,0,,,,,0
10,United States Feds Yellen Speech,USD,USD/JPY,BOTHDIRECTION,LONG,10,0,5,TRUE,TRUE,FALSE,1,4.768095296,0,2.893420016,0.1,0,0,4.670242259,2.611947913,1.394888219,TRUE,0.052,0.001,0,0,1228.46,0.555555556,5.158354569,,126.9222222
11,United States Feds Yellen Speech,USD,USD/JPY,BOTHDIRECTION,LONG,10,0,5,TRUE,TRUE,FALSE,1,6.743382305,0,2.811844093,0.1,0,0,4.725131912,2.389823457,1.490411993,TRUE,0.052,0.001,0,0,,,,,0
12,United States Feds Yellen Speech,USD,USD/JPY,BOTHDIRECTION,LONG,10,0,20,TRUE,TRUE,FALSE,1,7.782938223,0,3.30353826,0.1,0,0,5.250405547,1.739165775,1.583425899,TRUE,0.052,0.001,0,0,,,,,0
13,United States Feds Yellen Speech,USD,USD/JPY,BOTHDIRECTION,LONG,10,0,20,TRUE,TRUE,FALSE,1,8.795179613,0,3.134019396,0.1,0,0,5.268274628,1.677502586,1.682924756,TRUE,0.052,0.001,0,0,1195.13,1,999,,195.13
14,United States Feds Yellen Speech,USD,USD/JPY,BOTHDIRECTION,LONG,10,0,20,TRUE,TRUE,FALSE,1,10.41788322,0,3.202488135,0.1,0,0,5.345394122,1.88458631,1.32469251,TRUE,0.052,0.001,0,0,,,,,0
15,United States Feds Yellen Speech,USD,USD/JPY,BOTHDIRECTION,LONG,10,0,20,TRUE,TRUE,FALSE,1,10.18705068,0,2.65208702,0.1,0,0,4.518249588,2.301697536,1.366242067,TRUE,0.052,0.001,0,0,,,,,0
16,United States Feds Yellen Speech,USD,USD/JPY,BOTHDIRECTION,LONG,10,0,20,TRUE,TRUE,FALSE,1,10.38398255,0,2.785862342,0.1,0,0,4.699904106,2.314583035,1.380291551,TRUE,0.052,0.001,0,0,1172.97,1,999,,172.97
17,United States Feds Yellen Speech,USD,USD/JPY,BOTHDIRECTION,LONG,10,0,20,TRUE,TRUE,FALSE,1,12.38078781,0,2.711459562,0.1,0,0,4.728735993,2.408955017,1.62969892,TRUE,0.052,0.001,0,0,,,,,0
19,United States Feds Yellen Speech,USD,USD/JPY,BOTHDIRECTION,LONG,10,0,20,TRUE,TRUE,FALSE,1,14.47111887,0,2.81792497,0.1,0,0,4.42618904,1.814148821,1.439285546,TRUE,0.052,0.001,0,0,,,,,0
20,United States Feds Yellen Speech,USD,USD/JPY,BOTHDIRECTION,LONG,10,0,20,TRUE,TRUE,FALSE,1,14.22753531,0,2.965285958,0.1,0,0,4.695939623,1.357975005,1.456904543,TRUE,0.052,0.001,0,0,1121.27,1,999,,121.27
